[
    {
        "id": 1104,
        "name": "SEYHAN",
        "city_id": 1
    },
    {
        "id": 1219,
        "name": "CEYHAN",
        "city_id": 1
    },
    {
        "id": 1329,
        "name": "FEKE",
        "city_id": 1
    },
    {
        "id": 1437,
        "name": "KARAİSALI",
        "city_id": 1
    },
    {
        "id": 1443,
        "name": "KARATAŞ",
        "city_id": 1
    },
    {
        "id": 1486,
        "name": "KOZAN",
        "city_id": 1
    },
    {
        "id": 1580,
        "name": "POZANTI",
        "city_id": 1
    },
    {
        "id": 1588,
        "name": "SAİMBEYLİ",
        "city_id": 1
    },
    {
        "id": 1687,
        "name": "TUFANBEYLİ",
        "city_id": 1
    },
    {
        "id": 1734,
        "name": "YUMURTALIK",
        "city_id": 1
    },
    {
        "id": 1748,
        "name": "YÜREĞİR",
        "city_id": 1
    },
    {
        "id": 1757,
        "name": "ALADAĞ",
        "city_id": 1
    },
    {
        "id": 1806,
        "name": "İMAMOĞLU",
        "city_id": 1
    },
    {
        "id": 2032,
        "name": "SARIÇAM",
        "city_id": 1
    },
    {
        "id": 2033,
        "name": "ÇUKUROVA",
        "city_id": 1
    },
    {
        "id": 1105,
        "name": "MERKEZ",
        "city_id": 2
    },
    {
        "id": 1182,
        "name": "BESNİ",
        "city_id": 2
    },
    {
        "id": 1246,
        "name": "ÇELİKHAN",
        "city_id": 2
    },
    {
        "id": 1347,
        "name": "GERGER",
        "city_id": 2
    },
    {
        "id": 1354,
        "name": "GÖLBAŞI",
        "city_id": 2
    },
    {
        "id": 1425,
        "name": "KAHTA",
        "city_id": 2
    },
    {
        "id": 1592,
        "name": "SAMSAT",
        "city_id": 2
    },
    {
        "id": 1985,
        "name": "SİNCİK",
        "city_id": 2
    },
    {
        "id": 1989,
        "name": "TUT",
        "city_id": 2
    },
    {
        "id": 1108,
        "name": "MERKEZ",
        "city_id": 3
    },
    {
        "id": 1200,
        "name": "BOLVADİN",
        "city_id": 3
    },
    {
        "id": 1239,
        "name": "ÇAY",
        "city_id": 3
    },
    {
        "id": 1267,
        "name": "DAZKIRI",
        "city_id": 3
    },
    {
        "id": 1281,
        "name": "DİNAR",
        "city_id": 3
    },
    {
        "id": 1306,
        "name": "EMİRDAĞ",
        "city_id": 3
    },
    {
        "id": 1404,
        "name": "İHSANİYE",
        "city_id": 3
    },
    {
        "id": 1594,
        "name": "SANDIKLI",
        "city_id": 3
    },
    {
        "id": 1626,
        "name": "SİNANPAŞA",
        "city_id": 3
    },
    {
        "id": 1639,
        "name": "SULTANDAĞI",
        "city_id": 3
    },
    {
        "id": 1664,
        "name": "ŞUHUT",
        "city_id": 3
    },
    {
        "id": 1771,
        "name": "BAŞMAKÇI",
        "city_id": 3
    },
    {
        "id": 1773,
        "name": "BAYAT",
        "city_id": 3
    },
    {
        "id": 1809,
        "name": "İSCEHİSAR",
        "city_id": 3
    },
    {
        "id": 1906,
        "name": "ÇOBANLAR",
        "city_id": 3
    },
    {
        "id": 1923,
        "name": "EVCİLER",
        "city_id": 3
    },
    {
        "id": 1944,
        "name": "HOCALAR",
        "city_id": 3
    },
    {
        "id": 1961,
        "name": "KIZILÖREN",
        "city_id": 3
    },
    {
        "id": 1111,
        "name": "MERKEZ",
        "city_id": 4
    },
    {
        "id": 1283,
        "name": "DİYADİN",
        "city_id": 4
    },
    {
        "id": 1287,
        "name": "DOĞUBAYAZIT",
        "city_id": 4
    },
    {
        "id": 1301,
        "name": "ELEŞKİRT",
        "city_id": 4
    },
    {
        "id": 1379,
        "name": "HAMUR",
        "city_id": 4
    },
    {
        "id": 1568,
        "name": "PATNOS",
        "city_id": 4
    },
    {
        "id": 1667,
        "name": "TAŞLIÇAY",
        "city_id": 4
    },
    {
        "id": 1691,
        "name": "TUTAK",
        "city_id": 4
    },
    {
        "id": 1134,
        "name": "MERKEZ",
        "city_id": 5
    },
    {
        "id": 1363,
        "name": "GÖYNÜCEK",
        "city_id": 5
    },
    {
        "id": 1368,
        "name": "GÜMÜŞHACIKÖY",
        "city_id": 5
    },
    {
        "id": 1524,
        "name": "MERZİFON",
        "city_id": 5
    },
    {
        "id": 1641,
        "name": "SULUOVA",
        "city_id": 5
    },
    {
        "id": 1668,
        "name": "TAŞOVA",
        "city_id": 5
    },
    {
        "id": 1938,
        "name": "HAMAMÖZÜ",
        "city_id": 5
    },
    {
        "id": 1130,
        "name": "ALTINDAĞ",
        "city_id": 6
    },
    {
        "id": 1157,
        "name": "AYAŞ",
        "city_id": 6
    },
    {
        "id": 1167,
        "name": "BALA",
        "city_id": 6
    },
    {
        "id": 1187,
        "name": "BEYPAZARI",
        "city_id": 6
    },
    {
        "id": 1227,
        "name": "ÇAMLIDERE",
        "city_id": 6
    },
    {
        "id": 1231,
        "name": "ÇANKAYA",
        "city_id": 6
    },
    {
        "id": 1260,
        "name": "ÇUBUK",
        "city_id": 6
    },
    {
        "id": 1302,
        "name": "ELMADAĞ",
        "city_id": 6
    },
    {
        "id": 1365,
        "name": "GÜDÜL",
        "city_id": 6
    },
    {
        "id": 1387,
        "name": "HAYMANA",
        "city_id": 6
    },
    {
        "id": 1427,
        "name": "KALECİK",
        "city_id": 6
    },
    {
        "id": 1473,
        "name": "KIZILCAHAMAM",
        "city_id": 6
    },
    {
        "id": 1539,
        "name": "NALLIHAN",
        "city_id": 6
    },
    {
        "id": 1578,
        "name": "POLATLI",
        "city_id": 6
    },
    {
        "id": 1658,
        "name": "ŞEREFLİKOÇHİSAR",
        "city_id": 6
    },
    {
        "id": 1723,
        "name": "YENİMAHALLE",
        "city_id": 6
    },
    {
        "id": 1744,
        "name": "GÖLBAŞI",
        "city_id": 6
    },
    {
        "id": 1745,
        "name": "KEÇİÖREN",
        "city_id": 6
    },
    {
        "id": 1746,
        "name": "MAMAK",
        "city_id": 6
    },
    {
        "id": 1747,
        "name": "SİNCAN",
        "city_id": 6
    },
    {
        "id": 1815,
        "name": "KAHRAMANKAZAN",
        "city_id": 6
    },
    {
        "id": 1872,
        "name": "AKYURT",
        "city_id": 6
    },
    {
        "id": 1922,
        "name": "ETİMESGUT",
        "city_id": 6
    },
    {
        "id": 1924,
        "name": "EVREN",
        "city_id": 6
    },
    {
        "id": 2034,
        "name": "PURSAKLAR",
        "city_id": 6
    },
    {
        "id": 1121,
        "name": "AKSEKİ",
        "city_id": 7
    },
    {
        "id": 1126,
        "name": "ALANYA",
        "city_id": 7
    },
    {
        "id": 1303,
        "name": "ELMALI",
        "city_id": 7
    },
    {
        "id": 1333,
        "name": "FİNİKE",
        "city_id": 7
    },
    {
        "id": 1337,
        "name": "GAZİPAŞA",
        "city_id": 7
    },
    {
        "id": 1370,
        "name": "GÜNDOĞMUŞ",
        "city_id": 7
    },
    {
        "id": 1451,
        "name": "KAŞ",
        "city_id": 7
    },
    {
        "id": 1483,
        "name": "KORKUTELİ",
        "city_id": 7
    },
    {
        "id": 1492,
        "name": "KUMLUCA",
        "city_id": 7
    },
    {
        "id": 1512,
        "name": "MANAVGAT",
        "city_id": 7
    },
    {
        "id": 1616,
        "name": "SERİK",
        "city_id": 7
    },
    {
        "id": 1811,
        "name": "DEMRE",
        "city_id": 7
    },
    {
        "id": 1946,
        "name": "İBRADI",
        "city_id": 7
    },
    {
        "id": 1959,
        "name": "KEMER",
        "city_id": 7
    },
    {
        "id": 2035,
        "name": "AKSU",
        "city_id": 7
    },
    {
        "id": 2036,
        "name": "DÖŞEMEALTI",
        "city_id": 7
    },
    {
        "id": 2037,
        "name": "KEPEZ",
        "city_id": 7
    },
    {
        "id": 2038,
        "name": "KONYAALTI",
        "city_id": 7
    },
    {
        "id": 2039,
        "name": "MURATPAŞA",
        "city_id": 7
    },
    {
        "id": 1145,
        "name": "ARDANUÇ",
        "city_id": 8
    },
    {
        "id": 1147,
        "name": "ARHAVİ",
        "city_id": 8
    },
    {
        "id": 1152,
        "name": "MERKEZ",
        "city_id": 8
    },
    {
        "id": 1202,
        "name": "BORÇKA",
        "city_id": 8
    },
    {
        "id": 1395,
        "name": "HOPA",
        "city_id": 8
    },
    {
        "id": 1653,
        "name": "ŞAVŞAT",
        "city_id": 8
    },
    {
        "id": 1736,
        "name": "YUSUFELİ",
        "city_id": 8
    },
    {
        "id": 1828,
        "name": "MURGUL",
        "city_id": 8
    },
    {
        "id": 2105,
        "name": "KEMALPAŞA",
        "city_id": 8
    },
    {
        "id": 1206,
        "name": "BOZDOĞAN",
        "city_id": 9
    },
    {
        "id": 1256,
        "name": "ÇİNE",
        "city_id": 9
    },
    {
        "id": 1348,
        "name": "GERMENCİK",
        "city_id": 9
    },
    {
        "id": 1435,
        "name": "KARACASU",
        "city_id": 9
    },
    {
        "id": 1479,
        "name": "KOÇARLI",
        "city_id": 9
    },
    {
        "id": 1497,
        "name": "KUŞADASI",
        "city_id": 9
    },
    {
        "id": 1498,
        "name": "KUYUCAK",
        "city_id": 9
    },
    {
        "id": 1542,
        "name": "NAZİLLİ",
        "city_id": 9
    },
    {
        "id": 1637,
        "name": "SÖKE",
        "city_id": 9
    },
    {
        "id": 1640,
        "name": "SULTANHİSAR",
        "city_id": 9
    },
    {
        "id": 1724,
        "name": "YENİPAZAR",
        "city_id": 9
    },
    {
        "id": 1781,
        "name": "BUHARKENT",
        "city_id": 9
    },
    {
        "id": 1807,
        "name": "İNCİRLİOVA",
        "city_id": 9
    },
    {
        "id": 1957,
        "name": "KARPUZLU",
        "city_id": 9
    },
    {
        "id": 1968,
        "name": "KÖŞK",
        "city_id": 9
    },
    {
        "id": 2000,
        "name": "DİDİM",
        "city_id": 9
    },
    {
        "id": 2076,
        "name": "EFELER",
        "city_id": 9
    },
    {
        "id": 1161,
        "name": "AYVALIK",
        "city_id": 10
    },
    {
        "id": 1169,
        "name": "BALYA",
        "city_id": 10
    },
    {
        "id": 1171,
        "name": "BANDIRMA",
        "city_id": 10
    },
    {
        "id": 1191,
        "name": "BİGADİÇ",
        "city_id": 10
    },
    {
        "id": 1216,
        "name": "BURHANİYE",
        "city_id": 10
    },
    {
        "id": 1291,
        "name": "DURSUNBEY",
        "city_id": 10
    },
    {
        "id": 1294,
        "name": "EDREMİT",
        "city_id": 10
    },
    {
        "id": 1310,
        "name": "ERDEK",
        "city_id": 10
    },
    {
        "id": 1360,
        "name": "GÖNEN",
        "city_id": 10
    },
    {
        "id": 1384,
        "name": "HAVRAN",
        "city_id": 10
    },
    {
        "id": 1418,
        "name": "İVRİNDİ",
        "city_id": 10
    },
    {
        "id": 1462,
        "name": "KEPSUT",
        "city_id": 10
    },
    {
        "id": 1514,
        "name": "MANYAS",
        "city_id": 10
    },
    {
        "id": 1608,
        "name": "SAVAŞTEPE",
        "city_id": 10
    },
    {
        "id": 1619,
        "name": "SINDIRGI",
        "city_id": 10
    },
    {
        "id": 1644,
        "name": "SUSURLUK",
        "city_id": 10
    },
    {
        "id": 1824,
        "name": "MARMARA",
        "city_id": 10
    },
    {
        "id": 1928,
        "name": "GÖMEÇ",
        "city_id": 10
    },
    {
        "id": 2077,
        "name": "ALTIEYLÜL",
        "city_id": 10
    },
    {
        "id": 2078,
        "name": "KARESİ",
        "city_id": 10
    },
    {
        "id": 1192,
        "name": "MERKEZ",
        "city_id": 11
    },
    {
        "id": 1210,
        "name": "BOZÜYÜK",
        "city_id": 11
    },
    {
        "id": 1359,
        "name": "GÖLPAZARI",
        "city_id": 11
    },
    {
        "id": 1559,
        "name": "OSMANELİ",
        "city_id": 11
    },
    {
        "id": 1571,
        "name": "PAZARYERİ",
        "city_id": 11
    },
    {
        "id": 1636,
        "name": "SÖĞÜT",
        "city_id": 11
    },
    {
        "id": 1857,
        "name": "YENİPAZAR",
        "city_id": 11
    },
    {
        "id": 1948,
        "name": "İNHİSAR",
        "city_id": 11
    },
    {
        "id": 1193,
        "name": "MERKEZ",
        "city_id": 12
    },
    {
        "id": 1344,
        "name": "GENÇ",
        "city_id": 12
    },
    {
        "id": 1446,
        "name": "KARLIOVA",
        "city_id": 12
    },
    {
        "id": 1475,
        "name": "KİĞI",
        "city_id": 12
    },
    {
        "id": 1633,
        "name": "SOLHAN",
        "city_id": 12
    },
    {
        "id": 1750,
        "name": "ADAKLI",
        "city_id": 12
    },
    {
        "id": 1855,
        "name": "YAYLADERE",
        "city_id": 12
    },
    {
        "id": 1996,
        "name": "YEDİSU",
        "city_id": 12
    },
    {
        "id": 1106,
        "name": "ADİLCEVAZ",
        "city_id": 13
    },
    {
        "id": 1112,
        "name": "AHLAT",
        "city_id": 13
    },
    {
        "id": 1196,
        "name": "MERKEZ",
        "city_id": 13
    },
    {
        "id": 1394,
        "name": "HİZAN",
        "city_id": 13
    },
    {
        "id": 1537,
        "name": "MUTKİ",
        "city_id": 13
    },
    {
        "id": 1669,
        "name": "TATVAN",
        "city_id": 13
    },
    {
        "id": 1798,
        "name": "GÜROYMAK",
        "city_id": 13
    },
    {
        "id": 1199,
        "name": "MERKEZ",
        "city_id": 14
    },
    {
        "id": 1346,
        "name": "GEREDE",
        "city_id": 14
    },
    {
        "id": 1364,
        "name": "GÖYNÜK",
        "city_id": 14
    },
    {
        "id": 1466,
        "name": "KIBRISCIK",
        "city_id": 14
    },
    {
        "id": 1522,
        "name": "MENGEN",
        "city_id": 14
    },
    {
        "id": 1531,
        "name": "MUDURNU",
        "city_id": 14
    },
    {
        "id": 1610,
        "name": "SEBEN",
        "city_id": 14
    },
    {
        "id": 1916,
        "name": "DÖRTDİVAN",
        "city_id": 14
    },
    {
        "id": 1997,
        "name": "YENİÇAĞA",
        "city_id": 14
    },
    {
        "id": 1109,
        "name": "AĞLASUN",
        "city_id": 15
    },
    {
        "id": 1211,
        "name": "BUCAK",
        "city_id": 15
    },
    {
        "id": 1215,
        "name": "MERKEZ",
        "city_id": 15
    },
    {
        "id": 1357,
        "name": "GÖLHİSAR",
        "city_id": 15
    },
    {
        "id": 1672,
        "name": "TEFENNİ",
        "city_id": 15
    },
    {
        "id": 1728,
        "name": "YEŞİLOVA",
        "city_id": 15
    },
    {
        "id": 1813,
        "name": "KARAMANLI",
        "city_id": 15
    },
    {
        "id": 1816,
        "name": "KEMER",
        "city_id": 15
    },
    {
        "id": 1874,
        "name": "ALTINYAYLA",
        "city_id": 15
    },
    {
        "id": 1899,
        "name": "ÇAVDIR",
        "city_id": 15
    },
    {
        "id": 1903,
        "name": "ÇELTİKÇİ",
        "city_id": 15
    },
    {
        "id": 1343,
        "name": "GEMLİK",
        "city_id": 16
    },
    {
        "id": 1411,
        "name": "İNEGÖL",
        "city_id": 16
    },
    {
        "id": 1420,
        "name": "İZNİK",
        "city_id": 16
    },
    {
        "id": 1434,
        "name": "KARACABEY",
        "city_id": 16
    },
    {
        "id": 1457,
        "name": "KELES",
        "city_id": 16
    },
    {
        "id": 1530,
        "name": "MUDANYA",
        "city_id": 16
    },
    {
        "id": 1535,
        "name": "MUSTAFAKEMALPAŞA",
        "city_id": 16
    },
    {
        "id": 1553,
        "name": "ORHANELİ",
        "city_id": 16
    },
    {
        "id": 1554,
        "name": "ORHANGAZİ",
        "city_id": 16
    },
    {
        "id": 1725,
        "name": "YENİŞEHİR",
        "city_id": 16
    },
    {
        "id": 1783,
        "name": "BÜYÜKORHAN",
        "city_id": 16
    },
    {
        "id": 1799,
        "name": "HARMANCIK",
        "city_id": 16
    },
    {
        "id": 1829,
        "name": "NİLÜFER",
        "city_id": 16
    },
    {
        "id": 1832,
        "name": "OSMANGAZİ",
        "city_id": 16
    },
    {
        "id": 1859,
        "name": "YILDIRIM",
        "city_id": 16
    },
    {
        "id": 1935,
        "name": "GÜRSU",
        "city_id": 16
    },
    {
        "id": 1960,
        "name": "KESTEL",
        "city_id": 16
    },
    {
        "id": 1160,
        "name": "AYVACIK",
        "city_id": 17
    },
    {
        "id": 1180,
        "name": "BAYRAMİÇ",
        "city_id": 17
    },
    {
        "id": 1190,
        "name": "BİGA",
        "city_id": 17
    },
    {
        "id": 1205,
        "name": "BOZCAADA",
        "city_id": 17
    },
    {
        "id": 1229,
        "name": "ÇAN",
        "city_id": 17
    },
    {
        "id": 1230,
        "name": "MERKEZ",
        "city_id": 17
    },
    {
        "id": 1293,
        "name": "ECEABAT",
        "city_id": 17
    },
    {
        "id": 1326,
        "name": "EZİNE",
        "city_id": 17
    },
    {
        "id": 1340,
        "name": "GELİBOLU",
        "city_id": 17
    },
    {
        "id": 1408,
        "name": "GÖKÇEADA",
        "city_id": 17
    },
    {
        "id": 1503,
        "name": "LAPSEKİ",
        "city_id": 17
    },
    {
        "id": 1722,
        "name": "YENİCE",
        "city_id": 17
    },
    {
        "id": 1232,
        "name": "MERKEZ",
        "city_id": 18
    },
    {
        "id": 1248,
        "name": "ÇERKEŞ",
        "city_id": 18
    },
    {
        "id": 1300,
        "name": "ELDİVAN",
        "city_id": 18
    },
    {
        "id": 1399,
        "name": "ILGAZ",
        "city_id": 18
    },
    {
        "id": 1494,
        "name": "KURŞUNLU",
        "city_id": 18
    },
    {
        "id": 1555,
        "name": "ORTA",
        "city_id": 18
    },
    {
        "id": 1649,
        "name": "ŞABANÖZÜ",
        "city_id": 18
    },
    {
        "id": 1718,
        "name": "YAPRAKLI",
        "city_id": 18
    },
    {
        "id": 1765,
        "name": "ATKARACALAR",
        "city_id": 18
    },
    {
        "id": 1817,
        "name": "KIZILIRMAK",
        "city_id": 18
    },
    {
        "id": 1885,
        "name": "BAYRAMÖREN",
        "city_id": 18
    },
    {
        "id": 1963,
        "name": "KORGUN",
        "city_id": 18
    },
    {
        "id": 1124,
        "name": "ALACA",
        "city_id": 19
    },
    {
        "id": 1177,
        "name": "BAYAT",
        "city_id": 19
    },
    {
        "id": 1259,
        "name": "MERKEZ",
        "city_id": 19
    },
    {
        "id": 1414,
        "name": "İSKİLİP",
        "city_id": 19
    },
    {
        "id": 1445,
        "name": "KARGI",
        "city_id": 19
    },
    {
        "id": 1520,
        "name": "MECİTÖZÜ",
        "city_id": 19
    },
    {
        "id": 1556,
        "name": "ORTAKÖY",
        "city_id": 19
    },
    {
        "id": 1558,
        "name": "OSMANCIK",
        "city_id": 19
    },
    {
        "id": 1642,
        "name": "SUNGURLU",
        "city_id": 19
    },
    {
        "id": 1778,
        "name": "BOĞAZKALE",
        "city_id": 19
    },
    {
        "id": 1850,
        "name": "UĞURLUDAĞ",
        "city_id": 19
    },
    {
        "id": 1911,
        "name": "DODURGA",
        "city_id": 19
    },
    {
        "id": 1972,
        "name": "LAÇİN",
        "city_id": 19
    },
    {
        "id": 1976,
        "name": "OĞUZLAR",
        "city_id": 19
    },
    {
        "id": 1102,
        "name": "ACIPAYAM",
        "city_id": 20
    },
    {
        "id": 1214,
        "name": "BULDAN",
        "city_id": 20
    },
    {
        "id": 1224,
        "name": "ÇAL",
        "city_id": 20
    },
    {
        "id": 1226,
        "name": "ÇAMELİ",
        "city_id": 20
    },
    {
        "id": 1233,
        "name": "ÇARDAK",
        "city_id": 20
    },
    {
        "id": 1257,
        "name": "ÇİVRİL",
        "city_id": 20
    },
    {
        "id": 1371,
        "name": "GÜNEY",
        "city_id": 20
    },
    {
        "id": 1426,
        "name": "KALE",
        "city_id": 20
    },
    {
        "id": 1597,
        "name": "SARAYKÖY",
        "city_id": 20
    },
    {
        "id": 1670,
        "name": "TAVAS",
        "city_id": 20
    },
    {
        "id": 1769,
        "name": "BABADAĞ",
        "city_id": 20
    },
    {
        "id": 1774,
        "name": "BEKİLLİ",
        "city_id": 20
    },
    {
        "id": 1803,
        "name": "HONAZ",
        "city_id": 20
    },
    {
        "id": 1840,
        "name": "SERİNHİSAR",
        "city_id": 20
    },
    {
        "id": 1871,
        "name": "PAMUKKALE",
        "city_id": 20
    },
    {
        "id": 1881,
        "name": "BAKLAN",
        "city_id": 20
    },
    {
        "id": 1888,
        "name": "BEYAĞAÇ",
        "city_id": 20
    },
    {
        "id": 1889,
        "name": "BOZKURT",
        "city_id": 20
    },
    {
        "id": 2079,
        "name": "MERKEZEFENDİ",
        "city_id": 20
    },
    {
        "id": 1195,
        "name": "BİSMİL",
        "city_id": 21
    },
    {
        "id": 1249,
        "name": "ÇERMİK",
        "city_id": 21
    },
    {
        "id": 1253,
        "name": "ÇINAR",
        "city_id": 21
    },
    {
        "id": 1263,
        "name": "ÇÜNGÜŞ",
        "city_id": 21
    },
    {
        "id": 1278,
        "name": "DİCLE",
        "city_id": 21
    },
    {
        "id": 1315,
        "name": "ERGANİ",
        "city_id": 21
    },
    {
        "id": 1381,
        "name": "HANİ",
        "city_id": 21
    },
    {
        "id": 1389,
        "name": "HAZRO",
        "city_id": 21
    },
    {
        "id": 1490,
        "name": "KULP",
        "city_id": 21
    },
    {
        "id": 1504,
        "name": "LİCE",
        "city_id": 21
    },
    {
        "id": 1624,
        "name": "SİLVAN",
        "city_id": 21
    },
    {
        "id": 1791,
        "name": "EĞİL",
        "city_id": 21
    },
    {
        "id": 1962,
        "name": "KOCAKÖY",
        "city_id": 21
    },
    {
        "id": 2040,
        "name": "BAĞLAR",
        "city_id": 21
    },
    {
        "id": 2041,
        "name": "KAYAPINAR",
        "city_id": 21
    },
    {
        "id": 2042,
        "name": "SUR",
        "city_id": 21
    },
    {
        "id": 2043,
        "name": "YENİŞEHİR",
        "city_id": 21
    },
    {
        "id": 1295,
        "name": "MERKEZ",
        "city_id": 22
    },
    {
        "id": 1307,
        "name": "ENEZ",
        "city_id": 22
    },
    {
        "id": 1385,
        "name": "HAVSA",
        "city_id": 22
    },
    {
        "id": 1412,
        "name": "İPSALA",
        "city_id": 22
    },
    {
        "id": 1464,
        "name": "KEŞAN",
        "city_id": 22
    },
    {
        "id": 1502,
        "name": "LALAPAŞA",
        "city_id": 22
    },
    {
        "id": 1523,
        "name": "MERİÇ",
        "city_id": 22
    },
    {
        "id": 1705,
        "name": "UZUNKÖPRÜ",
        "city_id": 22
    },
    {
        "id": 1988,
        "name": "SÜLOĞLU",
        "city_id": 22
    },
    {
        "id": 1110,
        "name": "AĞIN",
        "city_id": 23
    },
    {
        "id": 1173,
        "name": "BASKİL",
        "city_id": 23
    },
    {
        "id": 1298,
        "name": "MERKEZ",
        "city_id": 23
    },
    {
        "id": 1438,
        "name": "KARAKOÇAN",
        "city_id": 23
    },
    {
        "id": 1455,
        "name": "KEBAN",
        "city_id": 23
    },
    {
        "id": 1506,
        "name": "MADEN",
        "city_id": 23
    },
    {
        "id": 1566,
        "name": "PALU",
        "city_id": 23
    },
    {
        "id": 1631,
        "name": "SİVRİCE",
        "city_id": 23
    },
    {
        "id": 1762,
        "name": "ARICAK",
        "city_id": 23
    },
    {
        "id": 1820,
        "name": "KOVANCILAR",
        "city_id": 23
    },
    {
        "id": 1873,
        "name": "ALACAKAYA",
        "city_id": 23
    },
    {
        "id": 1243,
        "name": "ÇAYIRLI",
        "city_id": 24
    },
    {
        "id": 1318,
        "name": "MERKEZ",
        "city_id": 24
    },
    {
        "id": 1406,
        "name": "İLİÇ",
        "city_id": 24
    },
    {
        "id": 1459,
        "name": "KEMAH",
        "city_id": 24
    },
    {
        "id": 1460,
        "name": "KEMALİYE",
        "city_id": 24
    },
    {
        "id": 1583,
        "name": "REFAHİYE",
        "city_id": 24
    },
    {
        "id": 1675,
        "name": "TERCAN",
        "city_id": 24
    },
    {
        "id": 1853,
        "name": "ÜZÜMLÜ",
        "city_id": 24
    },
    {
        "id": 1977,
        "name": "OTLUKBELİ",
        "city_id": 24
    },
    {
        "id": 1153,
        "name": "AŞKALE",
        "city_id": 25
    },
    {
        "id": 1235,
        "name": "ÇAT",
        "city_id": 25
    },
    {
        "id": 1392,
        "name": "HINIS",
        "city_id": 25
    },
    {
        "id": 1396,
        "name": "HORASAN",
        "city_id": 25
    },
    {
        "id": 1416,
        "name": "İSPİR",
        "city_id": 25
    },
    {
        "id": 1444,
        "name": "KARAYAZI",
        "city_id": 25
    },
    {
        "id": 1540,
        "name": "NARMAN",
        "city_id": 25
    },
    {
        "id": 1550,
        "name": "OLTU",
        "city_id": 25
    },
    {
        "id": 1551,
        "name": "OLUR",
        "city_id": 25
    },
    {
        "id": 1567,
        "name": "PASİNLER",
        "city_id": 25
    },
    {
        "id": 1657,
        "name": "ŞENKAYA",
        "city_id": 25
    },
    {
        "id": 1674,
        "name": "TEKMAN",
        "city_id": 25
    },
    {
        "id": 1683,
        "name": "TORTUM",
        "city_id": 25
    },
    {
        "id": 1812,
        "name": "KARAÇOBAN",
        "city_id": 25
    },
    {
        "id": 1851,
        "name": "UZUNDERE",
        "city_id": 25
    },
    {
        "id": 1865,
        "name": "PAZARYOLU",
        "city_id": 25
    },
    {
        "id": 1945,
        "name": "AZİZİYE",
        "city_id": 25
    },
    {
        "id": 1967,
        "name": "KÖPRÜKÖY",
        "city_id": 25
    },
    {
        "id": 2044,
        "name": "PALANDÖKEN",
        "city_id": 25
    },
    {
        "id": 2045,
        "name": "YAKUTİYE",
        "city_id": 25
    },
    {
        "id": 1255,
        "name": "ÇİFTELER",
        "city_id": 26
    },
    {
        "id": 1508,
        "name": "MAHMUDİYE",
        "city_id": 26
    },
    {
        "id": 1527,
        "name": "MİHALIÇÇIK",
        "city_id": 26
    },
    {
        "id": 1599,
        "name": "SARICAKAYA",
        "city_id": 26
    },
    {
        "id": 1618,
        "name": "SEYİTGAZİ",
        "city_id": 26
    },
    {
        "id": 1632,
        "name": "SİVRİHİSAR",
        "city_id": 26
    },
    {
        "id": 1759,
        "name": "ALPU",
        "city_id": 26
    },
    {
        "id": 1777,
        "name": "BEYLİKOVA",
        "city_id": 26
    },
    {
        "id": 1808,
        "name": "İNÖNÜ",
        "city_id": 26
    },
    {
        "id": 1934,
        "name": "GÜNYÜZÜ",
        "city_id": 26
    },
    {
        "id": 1939,
        "name": "HAN",
        "city_id": 26
    },
    {
        "id": 1973,
        "name": "MİHALGAZİ",
        "city_id": 26
    },
    {
        "id": 2046,
        "name": "ODUNPAZARI",
        "city_id": 26
    },
    {
        "id": 2047,
        "name": "TEPEBAŞI",
        "city_id": 26
    },
    {
        "id": 1139,
        "name": "ARABAN",
        "city_id": 27
    },
    {
        "id": 1415,
        "name": "İSLAHİYE",
        "city_id": 27
    },
    {
        "id": 1546,
        "name": "NİZİP",
        "city_id": 27
    },
    {
        "id": 1549,
        "name": "OĞUZELİ",
        "city_id": 27
    },
    {
        "id": 1720,
        "name": "YAVUZELİ",
        "city_id": 27
    },
    {
        "id": 1841,
        "name": "ŞAHİNBEY",
        "city_id": 27
    },
    {
        "id": 1844,
        "name": "ŞEHİTKAMİL",
        "city_id": 27
    },
    {
        "id": 1956,
        "name": "KARKAMIŞ",
        "city_id": 27
    },
    {
        "id": 1974,
        "name": "NURDAĞI",
        "city_id": 27
    },
    {
        "id": 1133,
        "name": "ALUCRA",
        "city_id": 28
    },
    {
        "id": 1212,
        "name": "BULANCAK",
        "city_id": 28
    },
    {
        "id": 1272,
        "name": "DERELİ",
        "city_id": 28
    },
    {
        "id": 1320,
        "name": "ESPİYE",
        "city_id": 28
    },
    {
        "id": 1324,
        "name": "EYNESİL",
        "city_id": 28
    },
    {
        "id": 1352,
        "name": "MERKEZ",
        "city_id": 28
    },
    {
        "id": 1361,
        "name": "GÖRELE",
        "city_id": 28
    },
    {
        "id": 1465,
        "name": "KEŞAP",
        "city_id": 28
    },
    {
        "id": 1654,
        "name": "ŞEBİNKARAHİSAR",
        "city_id": 28
    },
    {
        "id": 1678,
        "name": "TİREBOLU",
        "city_id": 28
    },
    {
        "id": 1837,
        "name": "PİRAZİZ",
        "city_id": 28
    },
    {
        "id": 1854,
        "name": "YAĞLIDERE",
        "city_id": 28
    },
    {
        "id": 1893,
        "name": "ÇAMOLUK",
        "city_id": 28
    },
    {
        "id": 1894,
        "name": "ÇANAKÇI",
        "city_id": 28
    },
    {
        "id": 1912,
        "name": "DOĞANKENT",
        "city_id": 28
    },
    {
        "id": 1930,
        "name": "GÜCE",
        "city_id": 28
    },
    {
        "id": 1369,
        "name": "MERKEZ",
        "city_id": 29
    },
    {
        "id": 1458,
        "name": "KELKİT",
        "city_id": 29
    },
    {
        "id": 1660,
        "name": "ŞİRAN",
        "city_id": 29
    },
    {
        "id": 1684,
        "name": "TORUL",
        "city_id": 29
    },
    {
        "id": 1822,
        "name": "KÖSE",
        "city_id": 29
    },
    {
        "id": 1971,
        "name": "KÜRTÜN",
        "city_id": 29
    },
    {
        "id": 1261,
        "name": "ÇUKURCA",
        "city_id": 30
    },
    {
        "id": 1377,
        "name": "MERKEZ",
        "city_id": 30
    },
    {
        "id": 1656,
        "name": "ŞEMDİNLİ",
        "city_id": 30
    },
    {
        "id": 1737,
        "name": "YÜKSEKOVA",
        "city_id": 30
    },
    {
        "id": 2107,
        "name": "DERECİK",
        "city_id": 30
    },
    {
        "id": 1131,
        "name": "ALTINÖZÜ",
        "city_id": 31
    },
    {
        "id": 1289,
        "name": "DÖRTYOL",
        "city_id": 31
    },
    {
        "id": 1382,
        "name": "HASSA",
        "city_id": 31
    },
    {
        "id": 1413,
        "name": "İSKENDERUN",
        "city_id": 31
    },
    {
        "id": 1468,
        "name": "KIRIKHAN",
        "city_id": 31
    },
    {
        "id": 1585,
        "name": "REYHANLI",
        "city_id": 31
    },
    {
        "id": 1591,
        "name": "SAMANDAĞ",
        "city_id": 31
    },
    {
        "id": 1721,
        "name": "YAYLADAĞI",
        "city_id": 31
    },
    {
        "id": 1792,
        "name": "ERZİN",
        "city_id": 31
    },
    {
        "id": 1887,
        "name": "BELEN",
        "city_id": 31
    },
    {
        "id": 1970,
        "name": "KUMLU",
        "city_id": 31
    },
    {
        "id": 2080,
        "name": "ANTAKYA",
        "city_id": 31
    },
    {
        "id": 2081,
        "name": "ARSUZ",
        "city_id": 31
    },
    {
        "id": 2082,
        "name": "DEFNE",
        "city_id": 31
    },
    {
        "id": 2083,
        "name": "PAYAS",
        "city_id": 31
    },
    {
        "id": 1154,
        "name": "ATABEY",
        "city_id": 32
    },
    {
        "id": 1297,
        "name": "EĞİRDİR",
        "city_id": 32
    },
    {
        "id": 1341,
        "name": "GELENDOST",
        "city_id": 32
    },
    {
        "id": 1401,
        "name": "MERKEZ",
        "city_id": 32
    },
    {
        "id": 1456,
        "name": "KEÇİBORLU",
        "city_id": 32
    },
    {
        "id": 1615,
        "name": "SENİRKENT",
        "city_id": 32
    },
    {
        "id": 1648,
        "name": "SÜTÇÜLER",
        "city_id": 32
    },
    {
        "id": 1651,
        "name": "ŞARKİKARAAĞAÇ",
        "city_id": 32
    },
    {
        "id": 1699,
        "name": "ULUBORLU",
        "city_id": 32
    },
    {
        "id": 1717,
        "name": "YALVAÇ",
        "city_id": 32
    },
    {
        "id": 1755,
        "name": "AKSU",
        "city_id": 32
    },
    {
        "id": 1929,
        "name": "GÖNEN",
        "city_id": 32
    },
    {
        "id": 2001,
        "name": "YENİŞARBADEMLİ",
        "city_id": 32
    },
    {
        "id": 1135,
        "name": "ANAMUR",
        "city_id": 33
    },
    {
        "id": 1311,
        "name": "ERDEMLİ",
        "city_id": 33
    },
    {
        "id": 1366,
        "name": "GÜLNAR",
        "city_id": 33
    },
    {
        "id": 1536,
        "name": "MUT",
        "city_id": 33
    },
    {
        "id": 1621,
        "name": "SİLİFKE",
        "city_id": 33
    },
    {
        "id": 1665,
        "name": "TARSUS",
        "city_id": 33
    },
    {
        "id": 1766,
        "name": "AYDINCIK",
        "city_id": 33
    },
    {
        "id": 1779,
        "name": "BOZYAZI",
        "city_id": 33
    },
    {
        "id": 1892,
        "name": "ÇAMLIYAYLA",
        "city_id": 33
    },
    {
        "id": 2064,
        "name": "AKDENİZ",
        "city_id": 33
    },
    {
        "id": 2065,
        "name": "MEZİTLİ",
        "city_id": 33
    },
    {
        "id": 2066,
        "name": "TOROSLAR",
        "city_id": 33
    },
    {
        "id": 2067,
        "name": "YENİŞEHİR",
        "city_id": 33
    },
    {
        "id": 1103,
        "name": "ADALAR",
        "city_id": 34
    },
    {
        "id": 1166,
        "name": "BAKIRKÖY",
        "city_id": 34
    },
    {
        "id": 1183,
        "name": "BEŞİKTAŞ",
        "city_id": 34
    },
    {
        "id": 1185,
        "name": "BEYKOZ",
        "city_id": 34
    },
    {
        "id": 1186,
        "name": "BEYOĞLU",
        "city_id": 34
    },
    {
        "id": 1237,
        "name": "ÇATALCA",
        "city_id": 34
    },
    {
        "id": 1325,
        "name": "EYÜPSULTAN",
        "city_id": 34
    },
    {
        "id": 1327,
        "name": "FATİH",
        "city_id": 34
    },
    {
        "id": 1336,
        "name": "GAZİOSMANPAŞA",
        "city_id": 34
    },
    {
        "id": 1421,
        "name": "KADIKÖY",
        "city_id": 34
    },
    {
        "id": 1449,
        "name": "KARTAL",
        "city_id": 34
    },
    {
        "id": 1604,
        "name": "SARIYER",
        "city_id": 34
    },
    {
        "id": 1622,
        "name": "SİLİVRİ",
        "city_id": 34
    },
    {
        "id": 1659,
        "name": "ŞİLE",
        "city_id": 34
    },
    {
        "id": 1663,
        "name": "ŞİŞLİ",
        "city_id": 34
    },
    {
        "id": 1708,
        "name": "ÜSKÜDAR",
        "city_id": 34
    },
    {
        "id": 1739,
        "name": "ZEYTİNBURNU",
        "city_id": 34
    },
    {
        "id": 1782,
        "name": "BÜYÜKÇEKMECE",
        "city_id": 34
    },
    {
        "id": 1810,
        "name": "KAĞITHANE",
        "city_id": 34
    },
    {
        "id": 1823,
        "name": "KÜÇÜKÇEKMECE",
        "city_id": 34
    },
    {
        "id": 1835,
        "name": "PENDİK",
        "city_id": 34
    },
    {
        "id": 1852,
        "name": "ÜMRANİYE",
        "city_id": 34
    },
    {
        "id": 1886,
        "name": "BAYRAMPAŞA",
        "city_id": 34
    },
    {
        "id": 2003,
        "name": "AVCILAR",
        "city_id": 34
    },
    {
        "id": 2004,
        "name": "BAĞCILAR",
        "city_id": 34
    },
    {
        "id": 2005,
        "name": "BAHÇELİEVLER",
        "city_id": 34
    },
    {
        "id": 2010,
        "name": "GÜNGÖREN",
        "city_id": 34
    },
    {
        "id": 2012,
        "name": "MALTEPE",
        "city_id": 34
    },
    {
        "id": 2014,
        "name": "SULTANBEYLİ",
        "city_id": 34
    },
    {
        "id": 2015,
        "name": "TUZLA",
        "city_id": 34
    },
    {
        "id": 2016,
        "name": "ESENLER",
        "city_id": 34
    },
    {
        "id": 2048,
        "name": "ARNAVUTKÖY",
        "city_id": 34
    },
    {
        "id": 2049,
        "name": "ATAŞEHİR",
        "city_id": 34
    },
    {
        "id": 2050,
        "name": "BAŞAKŞEHİR",
        "city_id": 34
    },
    {
        "id": 2051,
        "name": "BEYLİKDÜZÜ",
        "city_id": 34
    },
    {
        "id": 2052,
        "name": "ÇEKMEKÖY",
        "city_id": 34
    },
    {
        "id": 2053,
        "name": "ESENYURT",
        "city_id": 34
    },
    {
        "id": 2054,
        "name": "SANCAKTEPE",
        "city_id": 34
    },
    {
        "id": 2055,
        "name": "SULTANGAZİ",
        "city_id": 34
    },
    {
        "id": 1128,
        "name": "ALİAĞA",
        "city_id": 35
    },
    {
        "id": 1178,
        "name": "BAYINDIR",
        "city_id": 35
    },
    {
        "id": 1181,
        "name": "BERGAMA",
        "city_id": 35
    },
    {
        "id": 1203,
        "name": "BORNOVA",
        "city_id": 35
    },
    {
        "id": 1251,
        "name": "ÇEŞME",
        "city_id": 35
    },
    {
        "id": 1280,
        "name": "DİKİLİ",
        "city_id": 35
    },
    {
        "id": 1334,
        "name": "FOÇA",
        "city_id": 35
    },
    {
        "id": 1432,
        "name": "KARABURUN",
        "city_id": 35
    },
    {
        "id": 1448,
        "name": "KARŞIYAKA",
        "city_id": 35
    },
    {
        "id": 1461,
        "name": "KEMALPAŞA",
        "city_id": 35
    },
    {
        "id": 1467,
        "name": "KINIK",
        "city_id": 35
    },
    {
        "id": 1477,
        "name": "KİRAZ",
        "city_id": 35
    },
    {
        "id": 1521,
        "name": "MENEMEN",
        "city_id": 35
    },
    {
        "id": 1563,
        "name": "ÖDEMİŞ",
        "city_id": 35
    },
    {
        "id": 1611,
        "name": "SEFERİHİSAR",
        "city_id": 35
    },
    {
        "id": 1612,
        "name": "SELÇUK",
        "city_id": 35
    },
    {
        "id": 1677,
        "name": "TİRE",
        "city_id": 35
    },
    {
        "id": 1682,
        "name": "TORBALI",
        "city_id": 35
    },
    {
        "id": 1703,
        "name": "URLA",
        "city_id": 35
    },
    {
        "id": 1776,
        "name": "BEYDAĞ",
        "city_id": 35
    },
    {
        "id": 1780,
        "name": "BUCA",
        "city_id": 35
    },
    {
        "id": 1819,
        "name": "KONAK",
        "city_id": 35
    },
    {
        "id": 1826,
        "name": "MENDERES",
        "city_id": 35
    },
    {
        "id": 2006,
        "name": "BALÇOVA",
        "city_id": 35
    },
    {
        "id": 2007,
        "name": "ÇİĞLİ",
        "city_id": 35
    },
    {
        "id": 2009,
        "name": "GAZİEMİR",
        "city_id": 35
    },
    {
        "id": 2013,
        "name": "NARLIDERE",
        "city_id": 35
    },
    {
        "id": 2018,
        "name": "GÜZELBAHÇE",
        "city_id": 35
    },
    {
        "id": 2056,
        "name": "BAYRAKLI",
        "city_id": 35
    },
    {
        "id": 2057,
        "name": "KARABAĞLAR",
        "city_id": 35
    },
    {
        "id": 1149,
        "name": "ARPAÇAY",
        "city_id": 36
    },
    {
        "id": 1279,
        "name": "DİGOR",
        "city_id": 36
    },
    {
        "id": 1424,
        "name": "KAĞIZMAN",
        "city_id": 36
    },
    {
        "id": 1447,
        "name": "MERKEZ",
        "city_id": 36
    },
    {
        "id": 1601,
        "name": "SARIKAMIŞ",
        "city_id": 36
    },
    {
        "id": 1614,
        "name": "SELİM",
        "city_id": 36
    },
    {
        "id": 1645,
        "name": "SUSUZ",
        "city_id": 36
    },
    {
        "id": 1756,
        "name": "AKYAKA",
        "city_id": 36
    },
    {
        "id": 1101,
        "name": "ABANA",
        "city_id": 37
    },
    {
        "id": 1140,
        "name": "ARAÇ",
        "city_id": 37
    },
    {
        "id": 1162,
        "name": "AZDAVAY",
        "city_id": 37
    },
    {
        "id": 1208,
        "name": "BOZKURT",
        "city_id": 37
    },
    {
        "id": 1221,
        "name": "CİDE",
        "city_id": 37
    },
    {
        "id": 1238,
        "name": "ÇATALZEYTİN",
        "city_id": 37
    },
    {
        "id": 1264,
        "name": "DADAY",
        "city_id": 37
    },
    {
        "id": 1277,
        "name": "DEVREKANİ",
        "city_id": 37
    },
    {
        "id": 1410,
        "name": "İNEBOLU",
        "city_id": 37
    },
    {
        "id": 1450,
        "name": "MERKEZ",
        "city_id": 37
    },
    {
        "id": 1499,
        "name": "KÜRE",
        "city_id": 37
    },
    {
        "id": 1666,
        "name": "TAŞKÖPRÜ",
        "city_id": 37
    },
    {
        "id": 1685,
        "name": "TOSYA",
        "city_id": 37
    },
    {
        "id": 1805,
        "name": "İHSANGAZİ",
        "city_id": 37
    },
    {
        "id": 1836,
        "name": "PINARBAŞI",
        "city_id": 37
    },
    {
        "id": 1845,
        "name": "ŞENPAZAR",
        "city_id": 37
    },
    {
        "id": 1867,
        "name": "AĞLI",
        "city_id": 37
    },
    {
        "id": 1915,
        "name": "DOĞANYURT",
        "city_id": 37
    },
    {
        "id": 1940,
        "name": "HANÖNÜ",
        "city_id": 37
    },
    {
        "id": 1984,
        "name": "SEYDİLER",
        "city_id": 37
    },
    {
        "id": 1218,
        "name": "BÜNYAN",
        "city_id": 38
    },
    {
        "id": 1275,
        "name": "DEVELİ",
        "city_id": 38
    },
    {
        "id": 1330,
        "name": "FELAHİYE",
        "city_id": 38
    },
    {
        "id": 1409,
        "name": "İNCESU",
        "city_id": 38
    },
    {
        "id": 1576,
        "name": "PINARBAŞI",
        "city_id": 38
    },
    {
        "id": 1603,
        "name": "SARIOĞLAN",
        "city_id": 38
    },
    {
        "id": 1605,
        "name": "SARIZ",
        "city_id": 38
    },
    {
        "id": 1680,
        "name": "TOMARZA",
        "city_id": 38
    },
    {
        "id": 1715,
        "name": "YAHYALI",
        "city_id": 38
    },
    {
        "id": 1727,
        "name": "YEŞİLHİSAR",
        "city_id": 38
    },
    {
        "id": 1752,
        "name": "AKKIŞLA",
        "city_id": 38
    },
    {
        "id": 1846,
        "name": "TALAS",
        "city_id": 38
    },
    {
        "id": 1863,
        "name": "KOCASİNAN",
        "city_id": 38
    },
    {
        "id": 1864,
        "name": "MELİKGAZİ",
        "city_id": 38
    },
    {
        "id": 1936,
        "name": "HACILAR",
        "city_id": 38
    },
    {
        "id": 1978,
        "name": "ÖZVATAN",
        "city_id": 38
    },
    {
        "id": 1163,
        "name": "BABAESKİ",
        "city_id": 39
    },
    {
        "id": 1270,
        "name": "DEMİRKÖY",
        "city_id": 39
    },
    {
        "id": 1471,
        "name": "MERKEZ",
        "city_id": 39
    },
    {
        "id": 1480,
        "name": "KOFÇAZ",
        "city_id": 39
    },
    {
        "id": 1505,
        "name": "LÜLEBURGAZ",
        "city_id": 39
    },
    {
        "id": 1572,
        "name": "PEHLİVANKÖY",
        "city_id": 39
    },
    {
        "id": 1577,
        "name": "PINARHİSAR",
        "city_id": 39
    },
    {
        "id": 1714,
        "name": "VİZE",
        "city_id": 39
    },
    {
        "id": 1254,
        "name": "ÇİÇEKDAĞI",
        "city_id": 40
    },
    {
        "id": 1429,
        "name": "KAMAN",
        "city_id": 40
    },
    {
        "id": 1472,
        "name": "MERKEZ",
        "city_id": 40
    },
    {
        "id": 1529,
        "name": "MUCUR",
        "city_id": 40
    },
    {
        "id": 1754,
        "name": "AKPINAR",
        "city_id": 40
    },
    {
        "id": 1869,
        "name": "AKÇAKENT",
        "city_id": 40
    },
    {
        "id": 1890,
        "name": "BOZTEPE",
        "city_id": 40
    },
    {
        "id": 1338,
        "name": "GEBZE",
        "city_id": 41
    },
    {
        "id": 1355,
        "name": "GÖLCÜK",
        "city_id": 41
    },
    {
        "id": 1430,
        "name": "KANDIRA",
        "city_id": 41
    },
    {
        "id": 1440,
        "name": "KARAMÜRSEL",
        "city_id": 41
    },
    {
        "id": 1821,
        "name": "KÖRFEZ",
        "city_id": 41
    },
    {
        "id": 2030,
        "name": "DERİNCE",
        "city_id": 41
    },
    {
        "id": 2058,
        "name": "BAŞİSKELE",
        "city_id": 41
    },
    {
        "id": 2059,
        "name": "ÇAYIROVA",
        "city_id": 41
    },
    {
        "id": 2060,
        "name": "DARICA",
        "city_id": 41
    },
    {
        "id": 2061,
        "name": "DİLOVASI",
        "city_id": 41
    },
    {
        "id": 2062,
        "name": "İZMİT",
        "city_id": 41
    },
    {
        "id": 2063,
        "name": "KARTEPE",
        "city_id": 41
    },
    {
        "id": 1122,
        "name": "AKŞEHİR",
        "city_id": 42
    },
    {
        "id": 1188,
        "name": "BEYŞEHİR",
        "city_id": 42
    },
    {
        "id": 1207,
        "name": "BOZKIR",
        "city_id": 42
    },
    {
        "id": 1222,
        "name": "CİHANBEYLİ",
        "city_id": 42
    },
    {
        "id": 1262,
        "name": "ÇUMRA",
        "city_id": 42
    },
    {
        "id": 1285,
        "name": "DOĞANHİSAR",
        "city_id": 42
    },
    {
        "id": 1312,
        "name": "EREĞLİ",
        "city_id": 42
    },
    {
        "id": 1375,
        "name": "HADİM",
        "city_id": 42
    },
    {
        "id": 1400,
        "name": "ILGIN",
        "city_id": 42
    },
    {
        "id": 1422,
        "name": "KADINHANI",
        "city_id": 42
    },
    {
        "id": 1441,
        "name": "KARAPINAR",
        "city_id": 42
    },
    {
        "id": 1491,
        "name": "KULU",
        "city_id": 42
    },
    {
        "id": 1598,
        "name": "SARAYÖNÜ",
        "city_id": 42
    },
    {
        "id": 1617,
        "name": "SEYDİŞEHİR",
        "city_id": 42
    },
    {
        "id": 1735,
        "name": "YUNAK",
        "city_id": 42
    },
    {
        "id": 1753,
        "name": "AKÖREN",
        "city_id": 42
    },
    {
        "id": 1760,
        "name": "ALTINEKİN",
        "city_id": 42
    },
    {
        "id": 1789,
        "name": "DEREBUCAK",
        "city_id": 42
    },
    {
        "id": 1804,
        "name": "HÜYÜK",
        "city_id": 42
    },
    {
        "id": 1814,
        "name": "KARATAY",
        "city_id": 42
    },
    {
        "id": 1827,
        "name": "MERAM",
        "city_id": 42
    },
    {
        "id": 1839,
        "name": "SELÇUKLU",
        "city_id": 42
    },
    {
        "id": 1848,
        "name": "TAŞKENT",
        "city_id": 42
    },
    {
        "id": 1868,
        "name": "AHIRLI",
        "city_id": 42
    },
    {
        "id": 1902,
        "name": "ÇELTİK",
        "city_id": 42
    },
    {
        "id": 1907,
        "name": "DERBENT",
        "city_id": 42
    },
    {
        "id": 1920,
        "name": "EMİRGAZİ",
        "city_id": 42
    },
    {
        "id": 1933,
        "name": "GÜNEYSINIR",
        "city_id": 42
    },
    {
        "id": 1937,
        "name": "HALKAPINAR",
        "city_id": 42
    },
    {
        "id": 1990,
        "name": "TUZLUKÇU",
        "city_id": 42
    },
    {
        "id": 1994,
        "name": "YALIHÜYÜK",
        "city_id": 42
    },
    {
        "id": 1132,
        "name": "ALTINTAŞ",
        "city_id": 43
    },
    {
        "id": 1288,
        "name": "DOMANİÇ",
        "city_id": 43
    },
    {
        "id": 1304,
        "name": "EMET",
        "city_id": 43
    },
    {
        "id": 1339,
        "name": "GEDİZ",
        "city_id": 43
    },
    {
        "id": 1500,
        "name": "MERKEZ",
        "city_id": 43
    },
    {
        "id": 1625,
        "name": "SİMAV",
        "city_id": 43
    },
    {
        "id": 1671,
        "name": "TAVŞANLI",
        "city_id": 43
    },
    {
        "id": 1764,
        "name": "ASLANAPA",
        "city_id": 43
    },
    {
        "id": 1790,
        "name": "DUMLUPINAR",
        "city_id": 43
    },
    {
        "id": 1802,
        "name": "HİSARCIK",
        "city_id": 43
    },
    {
        "id": 1843,
        "name": "ŞAPHANE",
        "city_id": 43
    },
    {
        "id": 1898,
        "name": "ÇAVDARHİSAR",
        "city_id": 43
    },
    {
        "id": 1979,
        "name": "PAZARLAR",
        "city_id": 43
    },
    {
        "id": 1114,
        "name": "AKÇADAĞ",
        "city_id": 44
    },
    {
        "id": 1143,
        "name": "ARAPGİR",
        "city_id": 44
    },
    {
        "id": 1148,
        "name": "ARGUVAN",
        "city_id": 44
    },
    {
        "id": 1265,
        "name": "DARENDE",
        "city_id": 44
    },
    {
        "id": 1286,
        "name": "DOĞANŞEHİR",
        "city_id": 44
    },
    {
        "id": 1390,
        "name": "HEKİMHAN",
        "city_id": 44
    },
    {
        "id": 1582,
        "name": "PÜTÜRGE",
        "city_id": 44
    },
    {
        "id": 1729,
        "name": "YEŞİLYURT",
        "city_id": 44
    },
    {
        "id": 1772,
        "name": "BATTALGAZİ",
        "city_id": 44
    },
    {
        "id": 1914,
        "name": "DOĞANYOL",
        "city_id": 44
    },
    {
        "id": 1953,
        "name": "KALE",
        "city_id": 44
    },
    {
        "id": 1969,
        "name": "KULUNCAK",
        "city_id": 44
    },
    {
        "id": 1995,
        "name": "YAZIHAN",
        "city_id": 44
    },
    {
        "id": 1118,
        "name": "AKHİSAR",
        "city_id": 45
    },
    {
        "id": 1127,
        "name": "ALAŞEHİR",
        "city_id": 45
    },
    {
        "id": 1269,
        "name": "DEMİRCİ",
        "city_id": 45
    },
    {
        "id": 1362,
        "name": "GÖRDES",
        "city_id": 45
    },
    {
        "id": 1470,
        "name": "KIRKAĞAÇ",
        "city_id": 45
    },
    {
        "id": 1489,
        "name": "KULA",
        "city_id": 45
    },
    {
        "id": 1590,
        "name": "SALİHLİ",
        "city_id": 45
    },
    {
        "id": 1600,
        "name": "SARIGÖL",
        "city_id": 45
    },
    {
        "id": 1606,
        "name": "SARUHANLI",
        "city_id": 45
    },
    {
        "id": 1613,
        "name": "SELENDİ",
        "city_id": 45
    },
    {
        "id": 1634,
        "name": "SOMA",
        "city_id": 45
    },
    {
        "id": 1689,
        "name": "TURGUTLU",
        "city_id": 45
    },
    {
        "id": 1751,
        "name": "AHMETLİ",
        "city_id": 45
    },
    {
        "id": 1793,
        "name": "GÖLMARMARA",
        "city_id": 45
    },
    {
        "id": 1965,
        "name": "KÖPRÜBAŞI",
        "city_id": 45
    },
    {
        "id": 2086,
        "name": "ŞEHZADELER",
        "city_id": 45
    },
    {
        "id": 2087,
        "name": "YUNUSEMRE",
        "city_id": 45
    },
    {
        "id": 1107,
        "name": "AFŞİN",
        "city_id": 46
    },
    {
        "id": 1136,
        "name": "ANDIRIN",
        "city_id": 46
    },
    {
        "id": 1299,
        "name": "ELBİSTAN",
        "city_id": 46
    },
    {
        "id": 1353,
        "name": "GÖKSUN",
        "city_id": 46
    },
    {
        "id": 1570,
        "name": "PAZARCIK",
        "city_id": 46
    },
    {
        "id": 1694,
        "name": "TÜRKOĞLU",
        "city_id": 46
    },
    {
        "id": 1785,
        "name": "ÇAĞLAYANCERİT",
        "city_id": 46
    },
    {
        "id": 1919,
        "name": "EKİNÖZÜ",
        "city_id": 46
    },
    {
        "id": 1975,
        "name": "NURHAK",
        "city_id": 46
    },
    {
        "id": 2084,
        "name": "DULKADİROĞLU",
        "city_id": 46
    },
    {
        "id": 2085,
        "name": "ONİKİŞUBAT",
        "city_id": 46
    },
    {
        "id": 1273,
        "name": "DERİK",
        "city_id": 47
    },
    {
        "id": 1474,
        "name": "KIZILTEPE",
        "city_id": 47
    },
    {
        "id": 1519,
        "name": "MAZIDAĞI",
        "city_id": 47
    },
    {
        "id": 1526,
        "name": "MİDYAT",
        "city_id": 47
    },
    {
        "id": 1547,
        "name": "NUSAYBİN",
        "city_id": 47
    },
    {
        "id": 1564,
        "name": "ÖMERLİ",
        "city_id": 47
    },
    {
        "id": 1609,
        "name": "SAVUR",
        "city_id": 47
    },
    {
        "id": 1787,
        "name": "DARGEÇİT",
        "city_id": 47
    },
    {
        "id": 2002,
        "name": "YEŞİLLİ",
        "city_id": 47
    },
    {
        "id": 2088,
        "name": "ARTUKLU",
        "city_id": 47
    },
    {
        "id": 1197,
        "name": "BODRUM",
        "city_id": 48
    },
    {
        "id": 1266,
        "name": "DATÇA",
        "city_id": 48
    },
    {
        "id": 1331,
        "name": "FETHİYE",
        "city_id": 48
    },
    {
        "id": 1488,
        "name": "KÖYCEĞİZ",
        "city_id": 48
    },
    {
        "id": 1517,
        "name": "MARMARİS",
        "city_id": 48
    },
    {
        "id": 1528,
        "name": "MİLAS",
        "city_id": 48
    },
    {
        "id": 1695,
        "name": "ULA",
        "city_id": 48
    },
    {
        "id": 1719,
        "name": "YATAĞAN",
        "city_id": 48
    },
    {
        "id": 1742,
        "name": "DALAMAN",
        "city_id": 48
    },
    {
        "id": 1831,
        "name": "ORTACA",
        "city_id": 48
    },
    {
        "id": 1958,
        "name": "KAVAKLIDERE",
        "city_id": 48
    },
    {
        "id": 2089,
        "name": "MENTEŞE",
        "city_id": 48
    },
    {
        "id": 2090,
        "name": "SEYDİKEMER",
        "city_id": 48
    },
    {
        "id": 1213,
        "name": "BULANIK",
        "city_id": 49
    },
    {
        "id": 1510,
        "name": "MALAZGİRT",
        "city_id": 49
    },
    {
        "id": 1534,
        "name": "MERKEZ",
        "city_id": 49
    },
    {
        "id": 1711,
        "name": "VARTO",
        "city_id": 49
    },
    {
        "id": 1801,
        "name": "HASKÖY",
        "city_id": 49
    },
    {
        "id": 1964,
        "name": "KORKUT",
        "city_id": 49
    },
    {
        "id": 1155,
        "name": "AVANOS",
        "city_id": 50
    },
    {
        "id": 1274,
        "name": "DERİNKUYU",
        "city_id": 50
    },
    {
        "id": 1367,
        "name": "GÜLŞEHİR",
        "city_id": 50
    },
    {
        "id": 1374,
        "name": "HACIBEKTAŞ",
        "city_id": 50
    },
    {
        "id": 1485,
        "name": "KOZAKLI",
        "city_id": 50
    },
    {
        "id": 1543,
        "name": "MERKEZ",
        "city_id": 50
    },
    {
        "id": 1707,
        "name": "ÜRGÜP",
        "city_id": 50
    },
    {
        "id": 1749,
        "name": "ACIGÖL",
        "city_id": 50
    },
    {
        "id": 1201,
        "name": "BOR",
        "city_id": 51
    },
    {
        "id": 1225,
        "name": "ÇAMARDI",
        "city_id": 51
    },
    {
        "id": 1544,
        "name": "MERKEZ",
        "city_id": 51
    },
    {
        "id": 1700,
        "name": "ULUKIŞLA",
        "city_id": 51
    },
    {
        "id": 1876,
        "name": "ALTUNHİSAR",
        "city_id": 51
    },
    {
        "id": 1904,
        "name": "ÇİFTLİK",
        "city_id": 51
    },
    {
        "id": 1119,
        "name": "AKKUŞ",
        "city_id": 52
    },
    {
        "id": 1158,
        "name": "AYBASTI",
        "city_id": 52
    },
    {
        "id": 1328,
        "name": "FATSA",
        "city_id": 52
    },
    {
        "id": 1358,
        "name": "GÖLKÖY",
        "city_id": 52
    },
    {
        "id": 1482,
        "name": "KORGAN",
        "city_id": 52
    },
    {
        "id": 1493,
        "name": "KUMRU",
        "city_id": 52
    },
    {
        "id": 1525,
        "name": "MESUDİYE",
        "city_id": 52
    },
    {
        "id": 1573,
        "name": "PERŞEMBE",
        "city_id": 52
    },
    {
        "id": 1696,
        "name": "ULUBEY",
        "city_id": 52
    },
    {
        "id": 1706,
        "name": "ÜNYE",
        "city_id": 52
    },
    {
        "id": 1795,
        "name": "GÜLYALI",
        "city_id": 52
    },
    {
        "id": 1797,
        "name": "GÜRGENTEPE",
        "city_id": 52
    },
    {
        "id": 1891,
        "name": "ÇAMAŞ",
        "city_id": 52
    },
    {
        "id": 1897,
        "name": "ÇATALPINAR",
        "city_id": 52
    },
    {
        "id": 1900,
        "name": "ÇAYBAŞI",
        "city_id": 52
    },
    {
        "id": 1947,
        "name": "İKİZCE",
        "city_id": 52
    },
    {
        "id": 1950,
        "name": "KABADÜZ",
        "city_id": 52
    },
    {
        "id": 1951,
        "name": "KABATAŞ",
        "city_id": 52
    },
    {
        "id": 2103,
        "name": "ALTINORDU",
        "city_id": 52
    },
    {
        "id": 1146,
        "name": "ARDEŞEN",
        "city_id": 53
    },
    {
        "id": 1228,
        "name": "ÇAMLIHEMŞİN",
        "city_id": 53
    },
    {
        "id": 1241,
        "name": "ÇAYELİ",
        "city_id": 53
    },
    {
        "id": 1332,
        "name": "FINDIKLI",
        "city_id": 53
    },
    {
        "id": 1405,
        "name": "İKİZDERE",
        "city_id": 53
    },
    {
        "id": 1428,
        "name": "KALKANDERE",
        "city_id": 53
    },
    {
        "id": 1569,
        "name": "PAZAR",
        "city_id": 53
    },
    {
        "id": 1586,
        "name": "MERKEZ",
        "city_id": 53
    },
    {
        "id": 1796,
        "name": "GÜNEYSU",
        "city_id": 53
    },
    {
        "id": 1908,
        "name": "DEREPAZARI",
        "city_id": 53
    },
    {
        "id": 1943,
        "name": "HEMŞİN",
        "city_id": 53
    },
    {
        "id": 1949,
        "name": "İYİDERE",
        "city_id": 53
    },
    {
        "id": 1123,
        "name": "AKYAZI",
        "city_id": 54
    },
    {
        "id": 1351,
        "name": "GEYVE",
        "city_id": 54
    },
    {
        "id": 1391,
        "name": "HENDEK",
        "city_id": 54
    },
    {
        "id": 1442,
        "name": "KARASU",
        "city_id": 54
    },
    {
        "id": 1453,
        "name": "KAYNARCA",
        "city_id": 54
    },
    {
        "id": 1595,
        "name": "SAPANCA",
        "city_id": 54
    },
    {
        "id": 1818,
        "name": "KOCAALİ",
        "city_id": 54
    },
    {
        "id": 1833,
        "name": "PAMUKOVA",
        "city_id": 54
    },
    {
        "id": 1847,
        "name": "TARAKLI",
        "city_id": 54
    },
    {
        "id": 1925,
        "name": "FERİZLİ",
        "city_id": 54
    },
    {
        "id": 1955,
        "name": "KARAPÜRÇEK",
        "city_id": 54
    },
    {
        "id": 1986,
        "name": "SÖĞÜTLÜ",
        "city_id": 54
    },
    {
        "id": 2068,
        "name": "ADAPAZARI",
        "city_id": 54
    },
    {
        "id": 2069,
        "name": "ARİFİYE",
        "city_id": 54
    },
    {
        "id": 2070,
        "name": "ERENLER",
        "city_id": 54
    },
    {
        "id": 2071,
        "name": "SERDİVAN",
        "city_id": 54
    },
    {
        "id": 1125,
        "name": "ALAÇAM",
        "city_id": 55
    },
    {
        "id": 1164,
        "name": "BAFRA",
        "city_id": 55
    },
    {
        "id": 1234,
        "name": "ÇARŞAMBA",
        "city_id": 55
    },
    {
        "id": 1386,
        "name": "HAVZA",
        "city_id": 55
    },
    {
        "id": 1452,
        "name": "KAVAK",
        "city_id": 55
    },
    {
        "id": 1501,
        "name": "LADİK",
        "city_id": 55
    },
    {
        "id": 1676,
        "name": "TERME",
        "city_id": 55
    },
    {
        "id": 1712,
        "name": "VEZİRKÖPRÜ",
        "city_id": 55
    },
    {
        "id": 1763,
        "name": "ASARCIK",
        "city_id": 55
    },
    {
        "id": 1830,
        "name": "19 MAYIS",
        "city_id": 55
    },
    {
        "id": 1838,
        "name": "SALIPAZARI",
        "city_id": 55
    },
    {
        "id": 1849,
        "name": "TEKKEKÖY",
        "city_id": 55
    },
    {
        "id": 1879,
        "name": "AYVACIK",
        "city_id": 55
    },
    {
        "id": 1993,
        "name": "YAKAKENT",
        "city_id": 55
    },
    {
        "id": 2072,
        "name": "ATAKUM",
        "city_id": 55
    },
    {
        "id": 2073,
        "name": "CANİK",
        "city_id": 55
    },
    {
        "id": 2074,
        "name": "İLKADIM",
        "city_id": 55
    },
    {
        "id": 1179,
        "name": "BAYKAN",
        "city_id": 56
    },
    {
        "id": 1317,
        "name": "ERUH",
        "city_id": 56
    },
    {
        "id": 1495,
        "name": "KURTALAN",
        "city_id": 56
    },
    {
        "id": 1575,
        "name": "PERVARİ",
        "city_id": 56
    },
    {
        "id": 1620,
        "name": "MERKEZ",
        "city_id": 56
    },
    {
        "id": 1662,
        "name": "ŞİRVAN",
        "city_id": 56
    },
    {
        "id": 1878,
        "name": "TİLLO",
        "city_id": 56
    },
    {
        "id": 1156,
        "name": "AYANCIK",
        "city_id": 57
    },
    {
        "id": 1204,
        "name": "BOYABAT",
        "city_id": 57
    },
    {
        "id": 1290,
        "name": "DURAĞAN",
        "city_id": 57
    },
    {
        "id": 1314,
        "name": "ERFELEK",
        "city_id": 57
    },
    {
        "id": 1349,
        "name": "GERZE",
        "city_id": 57
    },
    {
        "id": 1627,
        "name": "MERKEZ",
        "city_id": 57
    },
    {
        "id": 1693,
        "name": "TÜRKELİ",
        "city_id": 57
    },
    {
        "id": 1910,
        "name": "DİKMEN",
        "city_id": 57
    },
    {
        "id": 1981,
        "name": "SARAYDÜZÜ",
        "city_id": 57
    },
    {
        "id": 1282,
        "name": "DİVRİĞİ",
        "city_id": 58
    },
    {
        "id": 1342,
        "name": "GEMEREK",
        "city_id": 58
    },
    {
        "id": 1373,
        "name": "GÜRÜN",
        "city_id": 58
    },
    {
        "id": 1376,
        "name": "HAFİK",
        "city_id": 58
    },
    {
        "id": 1407,
        "name": "İMRANLI",
        "city_id": 58
    },
    {
        "id": 1431,
        "name": "KANGAL",
        "city_id": 58
    },
    {
        "id": 1484,
        "name": "KOYULHİSAR",
        "city_id": 58
    },
    {
        "id": 1628,
        "name": "MERKEZ",
        "city_id": 58
    },
    {
        "id": 1646,
        "name": "SUŞEHRİ",
        "city_id": 58
    },
    {
        "id": 1650,
        "name": "ŞARKIŞLA",
        "city_id": 58
    },
    {
        "id": 1731,
        "name": "YILDIZELİ",
        "city_id": 58
    },
    {
        "id": 1738,
        "name": "ZARA",
        "city_id": 58
    },
    {
        "id": 1870,
        "name": "AKINCILAR",
        "city_id": 58
    },
    {
        "id": 1875,
        "name": "ALTINYAYLA",
        "city_id": 58
    },
    {
        "id": 1913,
        "name": "DOĞANŞAR",
        "city_id": 58
    },
    {
        "id": 1927,
        "name": "GÖLOVA",
        "city_id": 58
    },
    {
        "id": 1991,
        "name": "ULAŞ",
        "city_id": 58
    },
    {
        "id": 1250,
        "name": "ÇERKEZKÖY",
        "city_id": 59
    },
    {
        "id": 1258,
        "name": "ÇORLU",
        "city_id": 59
    },
    {
        "id": 1388,
        "name": "HAYRABOLU",
        "city_id": 59
    },
    {
        "id": 1511,
        "name": "MALKARA",
        "city_id": 59
    },
    {
        "id": 1538,
        "name": "MURATLI",
        "city_id": 59
    },
    {
        "id": 1596,
        "name": "SARAY",
        "city_id": 59
    },
    {
        "id": 1652,
        "name": "ŞARKÖY",
        "city_id": 59
    },
    {
        "id": 1825,
        "name": "MARMARAEREĞLİSİ",
        "city_id": 59
    },
    {
        "id": 2094,
        "name": "ERGENE",
        "city_id": 59
    },
    {
        "id": 2095,
        "name": "KAPAKLI",
        "city_id": 59
    },
    {
        "id": 2096,
        "name": "SÜLEYMANPAŞA",
        "city_id": 59
    },
    {
        "id": 1129,
        "name": "ALMUS",
        "city_id": 60
    },
    {
        "id": 1151,
        "name": "ARTOVA",
        "city_id": 60
    },
    {
        "id": 1308,
        "name": "ERBAA",
        "city_id": 60
    },
    {
        "id": 1545,
        "name": "NİKSAR",
        "city_id": 60
    },
    {
        "id": 1584,
        "name": "REŞADİYE",
        "city_id": 60
    },
    {
        "id": 1679,
        "name": "MERKEZ",
        "city_id": 60
    },
    {
        "id": 1690,
        "name": "TURHAL",
        "city_id": 60
    },
    {
        "id": 1740,
        "name": "ZİLE",
        "city_id": 60
    },
    {
        "id": 1834,
        "name": "PAZAR",
        "city_id": 60
    },
    {
        "id": 1858,
        "name": "YEŞİLYURT",
        "city_id": 60
    },
    {
        "id": 1883,
        "name": "BAŞÇİFTLİK",
        "city_id": 60
    },
    {
        "id": 1987,
        "name": "SULUSARAY",
        "city_id": 60
    },
    {
        "id": 1113,
        "name": "AKÇAABAT",
        "city_id": 61
    },
    {
        "id": 1141,
        "name": "ARAKLI",
        "city_id": 61
    },
    {
        "id": 1150,
        "name": "ARSİN",
        "city_id": 61
    },
    {
        "id": 1244,
        "name": "ÇAYKARA",
        "city_id": 61
    },
    {
        "id": 1507,
        "name": "MAÇKA",
        "city_id": 61
    },
    {
        "id": 1548,
        "name": "OF",
        "city_id": 61
    },
    {
        "id": 1647,
        "name": "SÜRMENE",
        "city_id": 61
    },
    {
        "id": 1681,
        "name": "TONYA",
        "city_id": 61
    },
    {
        "id": 1709,
        "name": "VAKFIKEBİR",
        "city_id": 61
    },
    {
        "id": 1732,
        "name": "YOMRA",
        "city_id": 61
    },
    {
        "id": 1775,
        "name": "BEŞİKDÜZÜ",
        "city_id": 61
    },
    {
        "id": 1842,
        "name": "ŞALPAZARI",
        "city_id": 61
    },
    {
        "id": 1896,
        "name": "ÇARŞIBAŞI",
        "city_id": 61
    },
    {
        "id": 1909,
        "name": "DERNEKPAZARI",
        "city_id": 61
    },
    {
        "id": 1917,
        "name": "DÜZKÖY",
        "city_id": 61
    },
    {
        "id": 1942,
        "name": "HAYRAT",
        "city_id": 61
    },
    {
        "id": 1966,
        "name": "KÖPRÜBAŞI",
        "city_id": 61
    },
    {
        "id": 2097,
        "name": "ORTAHİSAR",
        "city_id": 61
    },
    {
        "id": 1247,
        "name": "ÇEMİŞGEZEK",
        "city_id": 62
    },
    {
        "id": 1397,
        "name": "HOZAT",
        "city_id": 62
    },
    {
        "id": 1518,
        "name": "MAZGİRT",
        "city_id": 62
    },
    {
        "id": 1541,
        "name": "NAZIMİYE",
        "city_id": 62
    },
    {
        "id": 1562,
        "name": "OVACIK",
        "city_id": 62
    },
    {
        "id": 1574,
        "name": "PERTEK",
        "city_id": 62
    },
    {
        "id": 1581,
        "name": "PÜLÜMÜR",
        "city_id": 62
    },
    {
        "id": 1688,
        "name": "MERKEZ",
        "city_id": 62
    },
    {
        "id": 1115,
        "name": "AKÇAKALE",
        "city_id": 63
    },
    {
        "id": 1194,
        "name": "BİRECİK",
        "city_id": 63
    },
    {
        "id": 1209,
        "name": "BOZOVA",
        "city_id": 63
    },
    {
        "id": 1220,
        "name": "CEYLANPINAR",
        "city_id": 63
    },
    {
        "id": 1378,
        "name": "HALFETİ",
        "city_id": 63
    },
    {
        "id": 1393,
        "name": "HİLVAN",
        "city_id": 63
    },
    {
        "id": 1630,
        "name": "SİVEREK",
        "city_id": 63
    },
    {
        "id": 1643,
        "name": "SURUÇ",
        "city_id": 63
    },
    {
        "id": 1713,
        "name": "VİRANŞEHİR",
        "city_id": 63
    },
    {
        "id": 1800,
        "name": "HARRAN",
        "city_id": 63
    },
    {
        "id": 2091,
        "name": "EYYÜBİYE",
        "city_id": 63
    },
    {
        "id": 2092,
        "name": "HALİLİYE",
        "city_id": 63
    },
    {
        "id": 2093,
        "name": "KARAKÖPRÜ",
        "city_id": 63
    },
    {
        "id": 1170,
        "name": "BANAZ",
        "city_id": 64
    },
    {
        "id": 1323,
        "name": "EŞME",
        "city_id": 64
    },
    {
        "id": 1436,
        "name": "KARAHALLI",
        "city_id": 64
    },
    {
        "id": 1629,
        "name": "SİVASLI",
        "city_id": 64
    },
    {
        "id": 1697,
        "name": "ULUBEY",
        "city_id": 64
    },
    {
        "id": 1704,
        "name": "MERKEZ",
        "city_id": 64
    },
    {
        "id": 1175,
        "name": "BAŞKALE",
        "city_id": 65
    },
    {
        "id": 1236,
        "name": "ÇATAK",
        "city_id": 65
    },
    {
        "id": 1309,
        "name": "ERCİŞ",
        "city_id": 65
    },
    {
        "id": 1350,
        "name": "GEVAŞ",
        "city_id": 65
    },
    {
        "id": 1372,
        "name": "GÜRPINAR",
        "city_id": 65
    },
    {
        "id": 1533,
        "name": "MURADİYE",
        "city_id": 65
    },
    {
        "id": 1565,
        "name": "ÖZALP",
        "city_id": 65
    },
    {
        "id": 1770,
        "name": "BAHÇESARAY",
        "city_id": 65
    },
    {
        "id": 1786,
        "name": "ÇALDIRAN",
        "city_id": 65
    },
    {
        "id": 1918,
        "name": "EDREMİT",
        "city_id": 65
    },
    {
        "id": 1980,
        "name": "SARAY",
        "city_id": 65
    },
    {
        "id": 2098,
        "name": "İPEKYOLU",
        "city_id": 65
    },
    {
        "id": 2099,
        "name": "TUŞBA",
        "city_id": 65
    },
    {
        "id": 1117,
        "name": "AKDAĞMADENİ",
        "city_id": 66
    },
    {
        "id": 1198,
        "name": "BOĞAZLIYAN",
        "city_id": 66
    },
    {
        "id": 1242,
        "name": "ÇAYIRALAN",
        "city_id": 66
    },
    {
        "id": 1245,
        "name": "ÇEKEREK",
        "city_id": 66
    },
    {
        "id": 1602,
        "name": "SARIKAYA",
        "city_id": 66
    },
    {
        "id": 1635,
        "name": "SORGUN",
        "city_id": 66
    },
    {
        "id": 1655,
        "name": "ŞEFAATLİ",
        "city_id": 66
    },
    {
        "id": 1726,
        "name": "YERKÖY",
        "city_id": 66
    },
    {
        "id": 1733,
        "name": "MERKEZ",
        "city_id": 66
    },
    {
        "id": 1877,
        "name": "AYDINCIK",
        "city_id": 66
    },
    {
        "id": 1895,
        "name": "ÇANDIR",
        "city_id": 66
    },
    {
        "id": 1952,
        "name": "KADIŞEHRİ",
        "city_id": 66
    },
    {
        "id": 1982,
        "name": "SARAYKENT",
        "city_id": 66
    },
    {
        "id": 1998,
        "name": "YENİFAKILI",
        "city_id": 66
    },
    {
        "id": 1240,
        "name": "ÇAYCUMA",
        "city_id": 67
    },
    {
        "id": 1276,
        "name": "DEVREK",
        "city_id": 67
    },
    {
        "id": 1313,
        "name": "EREĞLİ",
        "city_id": 67
    },
    {
        "id": 1741,
        "name": "MERKEZ",
        "city_id": 67
    },
    {
        "id": 1758,
        "name": "ALAPLI",
        "city_id": 67
    },
    {
        "id": 1926,
        "name": "GÖKÇEBEY",
        "city_id": 67
    },
    {
        "id": 2100,
        "name": "KİLİMLİ",
        "city_id": 67
    },
    {
        "id": 2101,
        "name": "KOZLU",
        "city_id": 67
    },
    {
        "id": 1120,
        "name": "MERKEZ",
        "city_id": 68
    },
    {
        "id": 1557,
        "name": "ORTAKÖY",
        "city_id": 68
    },
    {
        "id": 1860,
        "name": "AĞAÇÖREN",
        "city_id": 68
    },
    {
        "id": 1861,
        "name": "GÜZELYURT",
        "city_id": 68
    },
    {
        "id": 1866,
        "name": "SARIYAHŞİ",
        "city_id": 68
    },
    {
        "id": 1921,
        "name": "ESKİL",
        "city_id": 68
    },
    {
        "id": 1932,
        "name": "GÜLAĞAÇ",
        "city_id": 68
    },
    {
        "id": 2106,
        "name": "SULTANHANI",
        "city_id": 68
    },
    {
        "id": 1176,
        "name": "MERKEZ",
        "city_id": 69
    },
    {
        "id": 1767,
        "name": "AYDINTEPE",
        "city_id": 69
    },
    {
        "id": 1788,
        "name": "DEMİRÖZÜ",
        "city_id": 69
    },
    {
        "id": 1316,
        "name": "ERMENEK",
        "city_id": 70
    },
    {
        "id": 1439,
        "name": "MERKEZ",
        "city_id": 70
    },
    {
        "id": 1768,
        "name": "AYRANCI",
        "city_id": 70
    },
    {
        "id": 1862,
        "name": "KAZIMKARABEKİR",
        "city_id": 70
    },
    {
        "id": 1884,
        "name": "BAŞYAYLA",
        "city_id": 70
    },
    {
        "id": 1983,
        "name": "SARIVELİLER",
        "city_id": 70
    },
    {
        "id": 1268,
        "name": "DELİCE",
        "city_id": 71
    },
    {
        "id": 1463,
        "name": "KESKİN",
        "city_id": 71
    },
    {
        "id": 1469,
        "name": "MERKEZ",
        "city_id": 71
    },
    {
        "id": 1638,
        "name": "SULAKYURT",
        "city_id": 71
    },
    {
        "id": 1880,
        "name": "BAHŞILI",
        "city_id": 71
    },
    {
        "id": 1882,
        "name": "BALIŞEYH",
        "city_id": 71
    },
    {
        "id": 1901,
        "name": "ÇELEBİ",
        "city_id": 71
    },
    {
        "id": 1954,
        "name": "KARAKEÇİLİ",
        "city_id": 71
    },
    {
        "id": 1992,
        "name": "YAHŞİHAN",
        "city_id": 71
    },
    {
        "id": 1174,
        "name": "MERKEZ",
        "city_id": 72
    },
    {
        "id": 1184,
        "name": "BEŞİRİ",
        "city_id": 72
    },
    {
        "id": 1345,
        "name": "GERCÜŞ",
        "city_id": 72
    },
    {
        "id": 1487,
        "name": "KOZLUK",
        "city_id": 72
    },
    {
        "id": 1607,
        "name": "SASON",
        "city_id": 72
    },
    {
        "id": 1941,
        "name": "HASANKEYF",
        "city_id": 72
    },
    {
        "id": 1189,
        "name": "BEYTÜŞŞEBAP",
        "city_id": 73
    },
    {
        "id": 1223,
        "name": "CİZRE",
        "city_id": 73
    },
    {
        "id": 1403,
        "name": "İDİL",
        "city_id": 73
    },
    {
        "id": 1623,
        "name": "SİLOPİ",
        "city_id": 73
    },
    {
        "id": 1661,
        "name": "MERKEZ",
        "city_id": 73
    },
    {
        "id": 1698,
        "name": "ULUDERE",
        "city_id": 73
    },
    {
        "id": 1931,
        "name": "GÜÇLÜKONAK",
        "city_id": 73
    },
    {
        "id": 1172,
        "name": "MERKEZ",
        "city_id": 74
    },
    {
        "id": 1496,
        "name": "KURUCAŞİLE",
        "city_id": 74
    },
    {
        "id": 1701,
        "name": "ULUS",
        "city_id": 74
    },
    {
        "id": 1761,
        "name": "AMASRA",
        "city_id": 74
    },
    {
        "id": 1144,
        "name": "MERKEZ",
        "city_id": 75
    },
    {
        "id": 1252,
        "name": "ÇILDIR",
        "city_id": 75
    },
    {
        "id": 1356,
        "name": "GÖLE",
        "city_id": 75
    },
    {
        "id": 1380,
        "name": "HANAK",
        "city_id": 75
    },
    {
        "id": 1579,
        "name": "POSOF",
        "city_id": 75
    },
    {
        "id": 2008,
        "name": "DAMAL",
        "city_id": 75
    },
    {
        "id": 1142,
        "name": "ARALIK",
        "city_id": 76
    },
    {
        "id": 1398,
        "name": "MERKEZ",
        "city_id": 76
    },
    {
        "id": 1692,
        "name": "TUZLUCA",
        "city_id": 76
    },
    {
        "id": 2011,
        "name": "KARAKOYUNLU",
        "city_id": 76
    },
    {
        "id": 1716,
        "name": "MERKEZ",
        "city_id": 77
    },
    {
        "id": 2019,
        "name": "ALTINOVA",
        "city_id": 77
    },
    {
        "id": 2020,
        "name": "ARMUTLU",
        "city_id": 77
    },
    {
        "id": 2021,
        "name": "ÇINARCIK",
        "city_id": 77
    },
    {
        "id": 2022,
        "name": "ÇİFTLİKKÖY",
        "city_id": 77
    },
    {
        "id": 2026,
        "name": "TERMAL",
        "city_id": 77
    },
    {
        "id": 1296,
        "name": "EFLANİ",
        "city_id": 78
    },
    {
        "id": 1321,
        "name": "ESKİPAZAR",
        "city_id": 78
    },
    {
        "id": 1433,
        "name": "MERKEZ",
        "city_id": 78
    },
    {
        "id": 1561,
        "name": "OVACIK",
        "city_id": 78
    },
    {
        "id": 1587,
        "name": "SAFRANBOLU",
        "city_id": 78
    },
    {
        "id": 1856,
        "name": "YENİCE",
        "city_id": 78
    },
    {
        "id": 1476,
        "name": "MERKEZ",
        "city_id": 79
    },
    {
        "id": 2023,
        "name": "ELBEYLİ",
        "city_id": 79
    },
    {
        "id": 2024,
        "name": "MUSABEYLİ",
        "city_id": 79
    },
    {
        "id": 2025,
        "name": "POLATELİ",
        "city_id": 79
    },
    {
        "id": 1165,
        "name": "BAHÇE",
        "city_id": 80
    },
    {
        "id": 1423,
        "name": "KADİRLİ",
        "city_id": 80
    },
    {
        "id": 1560,
        "name": "MERKEZ",
        "city_id": 80
    },
    {
        "id": 1743,
        "name": "DÜZİÇİ",
        "city_id": 80
    },
    {
        "id": 2027,
        "name": "HASANBEYLİ",
        "city_id": 80
    },
    {
        "id": 2028,
        "name": "SUMBAS",
        "city_id": 80
    },
    {
        "id": 2029,
        "name": "TOPRAKKALE",
        "city_id": 80
    },
    {
        "id": 1116,
        "name": "AKÇAKOCA",
        "city_id": 81
    },
    {
        "id": 1292,
        "name": "MERKEZ",
        "city_id": 81
    },
    {
        "id": 1730,
        "name": "YIĞILCA",
        "city_id": 81
    },
    {
        "id": 1784,
        "name": "CUMAYERİ",
        "city_id": 81
    },
    {
        "id": 1794,
        "name": "GÖLYAKA",
        "city_id": 81
    },
    {
        "id": 1905,
        "name": "ÇİLİMLİ",
        "city_id": 81
    },
    {
        "id": 2017,
        "name": "GÜMÜŞOVA",
        "city_id": 81
    },
    {
        "id": 2031,
        "name": "KAYNAŞLI",
        "city_id": 81
    }
]